"Symbol","Name","LastSale","MarketCap","ADR TSO","IPOyear","Sector","Industry","Summary Quote",
"AVHI","A V Homes, Inc.","13.29","170432993.37","n/a","n/a","Capital Goods","Homebuilding","http://www.nasdaq.com/symbol/avhi",
"AAON","AAON, Inc.","27.31","669039779.18","n/a","n/a","Capital Goods","Industrial Machinery/Components","http://www.nasdaq.com/symbol/aaon",
"AIR","AAR Corp.","17.78","706459763.1","n/a","n/a","Capital Goods","Aerospace","http://www.nasdaq.com/symbol/air",
"ABAX","ABAXIS, Inc.","47.82","1056917640","n/a","1992","Capital Goods","Industrial Machinery/Components","http://www.nasdaq.com/symbol/abax",
"AXDX","Accelerate Diagnostics, Inc.","6.48","251632714.32","n/a","n/a","Capital Goods","Biotechnology: Laboratory Analytical Instruments","http://www.nasdaq.com/symbol/axdx",
"ACW","Accuride Corporation New","4.71","223344031.65","n/a","2005","Capital Goods","Auto Parts:O.E.M.","http://www.nasdaq.com/symbol/acw",
"ACU","Acme United Corporation.","12.26","38523396.52","n/a","1988","Capital Goods","Industrial Machinery/Components","http://www.nasdaq.com/symbol/acu",
"AEIS","Advanced Energy Industries, Inc.","18.15","709828350","n/a","1995","Capital Goods","Industrial Machinery/Components","http://www.nasdaq.com/symbol/aeis",
"AEHR","Aehr Test Systems","1.0521","9850798.6227","n/a","1997","Capital Goods","Electrical Products","http://www.nasdaq.com/symbol/aehr",
"AEPI","AEP Industries Inc.","67.57","374058735.9","n/a","1986","Capital Goods","Specialty Chemicals","http://www.nasdaq.com/symbol/aepi",
"AIM","Aerosonic Corporation","4.79","18448613.15","n/a","n/a","Capital Goods","Industrial Machinery/Components","http://www.nasdaq.com/symbol/aim",
"AVAV","AeroVironment, Inc.","18.12","406145793.24","n/a","2007","Capital Goods","Aerospace","http://www.nasdaq.com/symbol/avav",
"ATRM","Aetrium Incorporated","0.79","8517346.29","n/a","1993","Capital Goods","Electrical Products","http://www.nasdaq.com/symbol/atrm",
"AFFX","Affymetrix, Inc.","4.66","331159451.6","n/a","1996","Capital Goods","Biotechnology: Laboratory Analytical Instruments","http://www.nasdaq.com/symbol/affx",
"AGCO","AGCO Corporation","50.87","4946353352.25","n/a","n/a","Capital Goods","Industrial Machinery/Components","http://www.nasdaq.com/symbol/agco",
"A","Agilent Technologies, Inc.","41.66","14462655646.46","n/a","1999","Capital Goods","Electrical Products","http://www.nasdaq.com/symbol/a",
"ARG","Airgas, Inc.","96.88","7354864342.56","n/a","1971","Capital Goods","Industrial Machinery/Components","http://www.nasdaq.com/symbol/arg",
"ALG","Alamo Group, Inc.","39.05","471445924.95","n/a","1993","Capital Goods","Industrial Machinery/Components","http://www.nasdaq.com/symbol/alg",
"AA","Alcoa Inc.","8.39","8971646859.95","n/a","n/a","Capital Goods","Metal Fabrications","http://www.nasdaq.com/symbol/aa",
"AA^","Alcoa Inc.","90.0001","0","n/a","n/a","Capital Goods","Metal Fabrications","http://www.nasdaq.com/symbol/aa^",
"ATK","Alliant Techsystems Inc.","71.59","2346179122.78","n/a","n/a","Capital Goods","Military/Government/Technical","http://www.nasdaq.com/symbol/atk",
"AMOT","Allied Motion Technologies, Inc.","6.93","61316376.66","n/a","n/a","Capital Goods","Electrical Products","http://www.nasdaq.com/symbol/amot",
"ALSN","Allison Transmission Holdings, Inc.","22.42","4151562607.28","n/a","n/a","Capital Goods","Auto Parts:O.E.M.","http://www.nasdaq.com/symbol/alsn",
"AIMC","Altra Holdings, Inc.","25.7","691408539.2","n/a","2006","Capital Goods","Industrial Machinery/Components","http://www.nasdaq.com/symbol/aimc",
"AWC","Alumina Ltd","4.17","2543904521.82","n/a","1997","Capital Goods","Metal Fabrications","http://www.nasdaq.com/symbol/awc",
"AXL","American Axle & Manufacturing Holdings, Inc.","12.81","958694853.27","n/a","1999","Capital Goods","Auto Parts:O.E.M.","http://www.nasdaq.com/symbol/axl",
"ARII","American Railcar Industries, Inc.","42.05","897864088.85","n/a","2006","Capital Goods","Railroads","http://www.nasdaq.com/symbol/arii",
"AP","Ampco-Pittsburgh Corporation","18.19","188195377.1","n/a","n/a","Capital Goods","Fluid Controls","http://www.nasdaq.com/symbol/ap",
"APH","Amphenol Corporation","73.04","11664349077.92","n/a","1997","Capital Goods","Electrical Products","http://www.nasdaq.com/symbol/aph",
"ALOG","Analogic Corporation","78.73","963761957.88","n/a","1972","Capital Goods","Electrical Products","http://www.nasdaq.com/symbol/alog",
"APOG","Apogee Enterprises, Inc.","29.1","828797536.5","n/a","1971","Capital Goods","Auto Parts:O.E.M.","http://www.nasdaq.com/symbol/apog",
"ACAT","Arctic Cat Inc.","40.53","534206880.9","n/a","1990","Capital Goods","Industrial Specialties","http://www.nasdaq.com/symbol/acat",
"ARTW","Art&#39;s-Way Manufacturing Co., Inc.","6.4299","25944980.8548","n/a","n/a","Capital Goods","Industrial Machinery/Components","http://www.nasdaq.com/symbol/artw",
"ASTE","Astec Industries, Inc.","33.72","769031808","n/a","1986","Capital Goods","Construction/Ag Equipment/Trucks","http://www.nasdaq.com/symbol/aste",
"ATRO","Astronics Corporation","27.54","398723954.76","n/a","1972","Capital Goods","Military/Government/Technical","http://www.nasdaq.com/symbol/atro",
"ASTC","Astrotech Corporation","0.78","15199647.06","n/a","n/a","Capital Goods","Military/Government/Technical","http://www.nasdaq.com/symbol/astc",
"ALV","Autoliv, Inc.","67.52","6455520220.16","n/a","n/a","Capital Goods","Auto Parts:O.E.M.","http://www.nasdaq.com/symbol/alv",
"AVX","AVX Corporation","11.51","1943692790.71","n/a","1972","Capital Goods","Electrical Products","http://www.nasdaq.com/symbol/avx",
"BMI","Badger Meter, Inc.","52.95","758110089.45","n/a","n/a","Capital Goods","Industrial Machinery/Components","http://www.nasdaq.com/symbol/bmi",
"BBDO","Banco Bradesco Sa","17.43","66543716824.83","n/a","n/a","Capital Goods","Miscellaneous","http://www.nasdaq.com/symbol/bbdo",
"B","Barnes Group, Inc.","28.11","1524121613.88","n/a","n/a","Capital Goods","Metal Fabrications","http://www.nasdaq.com/symbol/b",
"BZH","Beazer Homes USA, Inc.","14.84","372421493.92","n/a","1994","Capital Goods","Homebuilding","http://www.nasdaq.com/symbol/bzh",
"BZT","Beazer Homes USA, Inc.","26","0","n/a","n/a","Capital Goods","Homebuilding","http://www.nasdaq.com/symbol/bzt",
"BZU","Beazer Homes USA, Inc.","22.25","0","n/a","n/a","Capital Goods","Homebuilding","http://www.nasdaq.com/symbol/bzu",
"BELFA","Bel Fuse Inc.","13.2","150053494.8","n/a","n/a","Capital Goods","Electrical Products","http://www.nasdaq.com/symbol/belfa",
"BELFB","Bel Fuse Inc.","15.36","141201054.72","n/a","n/a","Capital Goods","Electrical Products","http://www.nasdaq.com/symbol/belfb",
"BIO","Bio-Rad Laboratories, Inc.","123.53","3520489746.51","n/a","n/a","Capital Goods","Biotechnology: Laboratory Analytical Instruments","http://www.nasdaq.com/symbol/bio",
"BIO/B","Bio-Rad Laboratories, Inc.","122.74","0","n/a","n/a","Capital Goods","Biotechnology: Laboratory Analytical Instruments","http://www.nasdaq.com/symbol/bio/b",
"BLT","Blount International, Inc.","13.14","645784799.76","n/a","n/a","Capital Goods","Industrial Machinery/Components","http://www.nasdaq.com/symbol/blt",
"BXC","BlueLinx Holdings Inc.","2.47","213931736.33","n/a","2004","Capital Goods","Wholesale Distributors","http://www.nasdaq.com/symbol/bxc",
"BA","Boeing Company (The)","86.75","65597359814.25","n/a","n/a","Capital Goods","Aerospace","http://www.nasdaq.com/symbol/ba",
"BNSO","Bonso Electronics International, Inc.","1.37","7188257.11","n/a","n/a","Capital Goods","Industrial Machinery/Components","http://www.nasdaq.com/symbol/bnso",
"BWA","BorgWarner Inc.","72.58","8425193092.6","n/a","1993","Capital Goods","Auto Parts:O.E.M.","http://www.nasdaq.com/symbol/bwa",
"BZC","Breeze-Eastern Corporation","8.31","79132191.06","n/a","n/a","Capital Goods","Military/Government/Technical","http://www.nasdaq.com/symbol/bzc",
"BWEN","Broadwind Energy, Inc.","4.3","61704445.3","n/a","n/a","Capital Goods","Metal Fabrications","http://www.nasdaq.com/symbol/bwen",
"BRKR","Bruker Corporation","18.61","3100937346.97","n/a","n/a","Capital Goods","Biotechnology: Laboratory Analytical Instruments","http://www.nasdaq.com/symbol/brkr",
"CSTE","CaesarStone Sdot-Yam Ltd.","23.49","810108673.65","n/a","n/a","Capital Goods","Building Materials","http://www.nasdaq.com/symbol/cste",
"CAMT","Camtek Ltd.","1.49","44279766.36","n/a","2000","Capital Goods","Electronic Components","http://www.nasdaq.com/symbol/camt",
"CRR","Carbo Ceramics, Inc.","90.96","2104559802.96","n/a","1987","Capital Goods","Industrial Machinery/Components","http://www.nasdaq.com/symbol/crr",
"CSCD","Cascade Microtech, Inc.","7.04","100218039.68","n/a","2004","Capital Goods","Electrical Products","http://www.nasdaq.com/symbol/cscd",
"CAT","Caterpillar, Inc.","84.19","55148532625.67","n/a","n/a","Capital Goods","Construction/Ag Equipment/Trucks","http://www.nasdaq.com/symbol/cat",
"CECE","CECO Environmental Corp.","12.01","212844774.96","n/a","n/a","Capital Goods","Pollution Control Equipment","http://www.nasdaq.com/symbol/cece",
"CPAC","Cementos Pacasmayo S.A.A.","14.38","1528483202.1","n/a","n/a","Capital Goods","Building Materials","http://www.nasdaq.com/symbol/cpac",
"CX","Cemex S.A.B. de C.V.","12.64","13763264103.84","n/a","n/a","Capital Goods","Building Materials","http://www.nasdaq.com/symbol/cx",
"CPHD","CEPHEID","36.8","2462915881.6","n/a","2000","Capital Goods","Biotechnology: Laboratory Analytical Instruments","http://www.nasdaq.com/symbol/cphd",
"GTLS","Chart Industries, Inc.","79.36","2386680099.84","n/a","2006","Capital Goods","Metal Fabrications","http://www.nasdaq.com/symbol/gtls",
"CAAS","China Automotive Systems, Inc.","4.3","120584981.7","n/a","n/a","Capital Goods","Auto Parts:O.E.M.","http://www.nasdaq.com/symbol/caas",
"CCCL","China Ceramics Co., Ltd.","2.36","48216777.68","n/a","n/a","Capital Goods","Building Materials","http://www.nasdaq.com/symbol/cccl",
"CHOP","China Gerui Advanced Materials Group Limited","1.71","101850847.29","n/a","n/a","Capital Goods","Steel/Iron Ore","http://www.nasdaq.com/symbol/chop",
"CXDC","China XD Plastics Company Limited","3.93","186925623.96","n/a","n/a","Capital Goods","Containers/Packaging","http://www.nasdaq.com/symbol/cxdc",
"ZX","China Zenix Auto International Limited","3.04","156894400","n/a","n/a","Capital Goods","Auto Parts:O.E.M.","http://www.nasdaq.com/symbol/zx",
"CIR","CIRCOR International, Inc.","41.17","720780028.53","n/a","1983","Capital Goods","Metal Fabrications","http://www.nasdaq.com/symbol/cir",
"CLC","CLARCOR Inc.","50.69","2518483734.15","n/a","n/a","Capital Goods","Auto Parts:O.E.M.","http://www.nasdaq.com/symbol/clc",
"CDTI","Clean Diesel Technologies, Inc.","2.14","15628567.66","n/a","n/a","Capital Goods","Pollution Control Equipment","http://www.nasdaq.com/symbol/cdti",
"CLIR","ClearSign Combustion Corporation","7.3","64108709.5","n/a","n/a","Capital Goods","Industrial Machinery/Components","http://www.nasdaq.com/symbol/clir",
"CNH","CNH Global N.V.","40.92","9916360476","n/a","n/a","Capital Goods","Construction/Ag Equipment/Trucks","http://www.nasdaq.com/symbol/cnh",
"CRV","Coast Distribution System, Inc. (The)","2.07","10191502.17","n/a","n/a","Capital Goods","Automotive Aftermarket","http://www.nasdaq.com/symbol/crv",
"CGNX","Cognex Corporation","40","1735776600","n/a","1989","Capital Goods","Industrial Machinery/Components","http://www.nasdaq.com/symbol/cgnx",
"COGO","Cogo Group, Inc.","1.98","67019174.64","n/a","n/a","Capital Goods","Electrical Products","http://www.nasdaq.com/symbol/cogo",
"COHR","Coherent, Inc.","53.43","1294189153.92","n/a","1970","Capital Goods","Biotechnology: Laboratory Analytical Instruments","http://www.nasdaq.com/symbol/cohr",
"COHU","Cohu, Inc.","9.19","226434055.01","n/a","n/a","Capital Goods","Electrical Products","http://www.nasdaq.com/symbol/cohu",
"CFX","Colfax Corporation","45.98","4325757201.92","n/a","1999","Capital Goods","Fluid Controls","http://www.nasdaq.com/symbol/cfx",
"CMCO","Columbus McKinnon Corporation","18.25","355854541.75","n/a","1984","Capital Goods","Construction/Ag Equipment/Trucks","http://www.nasdaq.com/symbol/cmco",
"CBMX","CombiMatrix Corporation","3.42","9517962.6","n/a","n/a","Capital Goods","Biotechnology: Laboratory Analytical Instruments","http://www.nasdaq.com/symbol/cbmx",
"CBMXW","CombiMatrix Corporation","0.36","0","n/a","n/a","Capital Goods","Biotechnology: Laboratory Analytical Instruments","http://www.nasdaq.com/symbol/cbmxw",
"FIX","Comfort Systems USA, Inc.","13.29","494973637.14","n/a","1997","Capital Goods","Engineering & Construction","http://www.nasdaq.com/symbol/fix",
"CVGI","Commercial Vehicle Group, Inc.","7.07","207615880.78","n/a","2004","Capital Goods","Auto Parts:O.E.M.","http://www.nasdaq.com/symbol/cvgi",
"CIX","CompX International Inc.","11.63","144120204.41","n/a","1998","Capital Goods","Industrial Machinery/Components","http://www.nasdaq.com/symbol/cix",
"CHCI","Comstock Holding Companies, Inc.","2.5699","53907640.9848","n/a","2004","Capital Goods","Homebuilding","http://www.nasdaq.com/symbol/chci",
"CUO","Continental Materials Corporation","16.55","27053854.7","n/a","n/a","Capital Goods","Building Materials","http://www.nasdaq.com/symbol/cuo",
"CVU","CPI Aerostructures, Inc.","8.39","70254940.28","n/a","n/a","Capital Goods","Military/Government/Technical","http://www.nasdaq.com/symbol/cvu",
"CR","Crane Company","54.14","3121629944.78","n/a","n/a","Capital Goods","Metal Fabrications","http://www.nasdaq.com/symbol/cr",
"CRH","CRH PLC","21.06","15454279589.58","n/a","n/a","Capital Goods","Building Materials","http://www.nasdaq.com/symbol/crh",
"CUB","Cubic Corporation","42.26","1129876333.82","n/a","n/a","Capital Goods","Industrial Machinery/Components","http://www.nasdaq.com/symbol/cub",
"CYBE","CyberOptics Corporation","5.79","40233656.22","n/a","1987","Capital Goods","Electronic Components","http://www.nasdaq.com/symbol/cybe",
"DHI","D.R. Horton, Inc.","23.48","7544745586.04","n/a","n/a","Capital Goods","Homebuilding","http://www.nasdaq.com/symbol/dhi",
"DAN","Dana Holding Corporation","16.43","2429546456.54","n/a","n/a","Capital Goods","Auto Parts:O.E.M.","http://www.nasdaq.com/symbol/dan",
"DHR","Danaher Corporation","60.77","42076254559.46","n/a","n/a","Capital Goods","Industrial Machinery/Components","http://www.nasdaq.com/symbol/dhr",
"DAIO","Data I/O Corporation","1.47","11396702.73","n/a","1981","Capital Goods","Electrical Products","http://www.nasdaq.com/symbol/daio",
"DE","Deere & Company","86.48","33688818965.28","n/a","n/a","Capital Goods","Industrial Machinery/Components","http://www.nasdaq.com/symbol/de",
"DLPH","Delphi Automotive plc","42.49","13402939757.41","n/a","n/a","Capital Goods","Auto Parts:O.E.M.","http://www.nasdaq.com/symbol/dlph",
"DPW","Digital Power Corporation","0.7","4797212.7","n/a","n/a","Capital Goods","Industrial Machinery/Components","http://www.nasdaq.com/symbol/dpw",
"DCI","Donaldson Company, Inc.","35.17","5161991779.28","n/a","n/a","Capital Goods","Pollution Control Equipment","http://www.nasdaq.com/symbol/dci",
"DORM","Dorman Products, Inc.","36.01","1313613399.28","n/a","1981","Capital Goods","Auto Parts:O.E.M.","http://www.nasdaq.com/symbol/dorm",
"PLOW","Douglas Dynamics, Inc.","13.48","299593674","n/a","2010","Capital Goods","Construction/Ag Equipment/Trucks","http://www.nasdaq.com/symbol/plow",
"DW","Drew Industries Incorporated","35.9","818728435.4","n/a","n/a","Capital Goods","Auto Parts:O.E.M.","http://www.nasdaq.com/symbol/dw",
"DCO","Ducommun Incorporated","20.4","216314460","n/a","n/a","Capital Goods","Military/Government/Technical","http://www.nasdaq.com/symbol/dco",
"DXPE","DXP Enterprises, Inc.","73.05","1032765705.6","n/a","n/a","Capital Goods","Industrial Machinery/Components","http://www.nasdaq.com/symbol/dxpe",
"BOOM","Dynamic Materials Corporation","16.22","221943239.54","n/a","n/a","Capital Goods","Industrial Specialties","http://www.nasdaq.com/symbol/boom",
"DYSL","Dynasil Corporation of America","0.8","11968160","n/a","n/a","Capital Goods","Industrial Machinery/Components","http://www.nasdaq.com/symbol/dysl",
"EXP","Eagle Materials Inc","67.43","3328284382.72","n/a","n/a","Capital Goods","Building Materials","http://www.nasdaq.com/symbol/exp",
"EML","Eastern Company (The)","16.21","100822131.29","n/a","n/a","Capital Goods","Industrial Machinery/Components","http://www.nasdaq.com/symbol/eml",
"EDAC","Edac Technologies Corporation","17.73","94278211.2","n/a","n/a","Capital Goods","Aerospace","http://www.nasdaq.com/symbol/edac",
"EVAC","Edwards Group Limited","8","101972408","12746551","n/a","Capital Goods","Fluid Controls","http://www.nasdaq.com/symbol/evac",
"ESLT","Elbit Systems Ltd.","41.04","1720068028.56","n/a","n/a","Capital Goods","Military/Government/Technical","http://www.nasdaq.com/symbol/eslt",
"ESYS","Elecsys Corporation","5.88","22914336.48","n/a","n/a","Capital Goods","Industrial Machinery/Components","http://www.nasdaq.com/symbol/esys",
"ELSE","Electro-Sensors, Inc.","4.4","14932438.4","n/a","n/a","Capital Goods","Industrial Machinery/Components","http://www.nasdaq.com/symbol/else",
"ERJ","Embraer-Empresa Brasileira de Aeronautica","34.99","6477217972.39","n/a","2000","Capital Goods","Aerospace","http://www.nasdaq.com/symbol/erj",
"EME","EMCOR Group, Inc.","39.59","2651865323.49","n/a","1994","Capital Goods","Engineering & Construction","http://www.nasdaq.com/symbol/eme",
"WIRE","Encore Wire Corporation","33.58","693981137.16","n/a","1992","Capital Goods","Metal Fabrications","http://www.nasdaq.com/symbol/wire",
"EAC           ","Erickson Air-Crane Incorporated","17.9","174109451.5","n/a","2001","Capital Goods","Aerospace","http://www.nasdaq.com/symbol/eac           ",
"ESP","Espey Mfg. & Electronics Corp.","25.71","60278200.53","n/a","n/a","Capital Goods","Industrial Machinery/Components","http://www.nasdaq.com/symbol/esp",
"ESL","Esterline Technologies Corporation","74.38","2304971563.78","n/a","n/a","Capital Goods","Industrial Machinery/Components","http://www.nasdaq.com/symbol/esl",
"EXFO","EXFO Inc","4.33","124757748.29","n/a","n/a","Capital Goods","Electrical Products","http://www.nasdaq.com/symbol/exfo",
"FARO","FARO Technologies, Inc.","39.89","677353900.16","n/a","1997","Capital Goods","Industrial Machinery/Components","http://www.nasdaq.com/symbol/faro",
"FSS","Federal Signal Corporation","7.5","467988975","n/a","n/a","Capital Goods","Auto Manufacturing","http://www.nasdaq.com/symbol/fss",
"FDML","Federal-Mogul Corporation","5.75","568700875","n/a","n/a","Capital Goods","Auto Parts:O.E.M.","http://www.nasdaq.com/symbol/fdml",
"FEIC","FEI Company","63.29","2440752394.78","n/a","1995","Capital Goods","Biotechnology: Laboratory Analytical Instruments","http://www.nasdaq.com/symbol/feic",
"FLIR","FLIR Systems, Inc.","25.64","3708706440.68","n/a","1993","Capital Goods","Industrial Machinery/Components","http://www.nasdaq.com/symbol/flir",
"FLOW","Flow International Corporation","3.53","170934277.24","n/a","n/a","Capital Goods","Industrial Machinery/Components","http://www.nasdaq.com/symbol/flow",
"FLS","Flowserve Corporation","161.49","7771381816.59","n/a","n/a","Capital Goods","Fluid Controls","http://www.nasdaq.com/symbol/fls",
"FLDM","Fluidigm Corporation","18.7","472630363.7","n/a","n/a","Capital Goods","Biotechnology: Laboratory Analytical Instruments","http://www.nasdaq.com/symbol/fldm",
"F","Ford Motor Company","12.78","49310468937","n/a","n/a","Capital Goods","Auto Manufacturing","http://www.nasdaq.com/symbol/f",
"RAIL","Freightcar America, Inc.","21","252521283","n/a","1992","Capital Goods","Railroads","http://www.nasdaq.com/symbol/rail",
"FEIM","Frequency Electronics, Inc.","9.5","80142066.5","n/a","n/a","Capital Goods","Electrical Products","http://www.nasdaq.com/symbol/feim",
"FRD","Friedman Industries Inc.","9.94","67586473.36","n/a","1972","Capital Goods","Steel/Iron Ore","http://www.nasdaq.com/symbol/frd",
"FSYS","Fuel Systems Solutions, Inc.","15.67","314244424.96","n/a","n/a","Capital Goods","Auto Parts:O.E.M.","http://www.nasdaq.com/symbol/fsys",
"FTEK","Fuel Tech, Inc.","4.12","91062501.88","n/a","n/a","Capital Goods","Pollution Control Equipment","http://www.nasdaq.com/symbol/ftek",
"FFHL","Fuwei Films (Holdings) Co., Ltd.","1.27","16589375","n/a","2006","Capital Goods","Specialty Chemicals","http://www.nasdaq.com/symbol/ffhl",
"GRMN","Garmin Ltd.","33.76","6603180991.04","n/a","2000","Capital Goods","Industrial Machinery/Components","http://www.nasdaq.com/symbol/grmn",
"GENC","Gencor Industries Inc.","7.05","67100983.5","n/a","n/a","Capital Goods","Construction/Ag Equipment/Trucks","http://www.nasdaq.com/symbol/genc",
"GD","General Dynamics Corporation","69.08","24455669961.36","n/a","n/a","Capital Goods","Marine Transportation","http://www.nasdaq.com/symbol/gd",
"GM","General Motors Company","27.59","37719466430.84","n/a","2010","Capital Goods","Auto Manufacturing","http://www.nasdaq.com/symbol/gm",
"GSI","General Steel Holdings, Inc.","1","54797532","n/a","n/a","Capital Goods","Steel/Iron Ore","http://www.nasdaq.com/symbol/gsi",
"GNTX","Gentex Corporation","19.37","2772781234.47","n/a","1981","Capital Goods","Auto Parts:O.E.M.","http://www.nasdaq.com/symbol/gntx",
"THRM","Gentherm Inc","15.195","504572676.33","n/a","2006","Capital Goods","Auto Parts:O.E.M.","http://www.nasdaq.com/symbol/thrm",
"GPC","Genuine Parts Company","77.88","12061120852.44","n/a","n/a","Capital Goods","Automotive Aftermarket","http://www.nasdaq.com/symbol/gpc",
"GEOS","Geospace Technologies Corporation","93.02","1196071252.32","n/a","n/a","Capital Goods","Industrial Machinery/Components","http://www.nasdaq.com/symbol/geos",
"GGB","Gerdau S.A.","7.43","12634449674.7","n/a","n/a","Capital Goods","Steel/Iron Ore","http://www.nasdaq.com/symbol/ggb",
"ROCK","Gibraltar Industries, Inc.","18.27","560288812.23","n/a","1993","Capital Goods","Steel/Iron Ore","http://www.nasdaq.com/symbol/rock",
"GIGA","Giga-tronics Incorporated","1.63","8198487.61","n/a","1983","Capital Goods","Electrical Products","http://www.nasdaq.com/symbol/giga",
"GLPW","Global Power Equipment Group Inc","16.73","281584788.17","n/a","n/a","Capital Goods","Metal Fabrications","http://www.nasdaq.com/symbol/glpw",
"GSM","Globe Specialty Metals Inc.","13.51","1017323926.99","n/a","2009","Capital Goods","Metal Fabrications","http://www.nasdaq.com/symbol/gsm",
"GRC","Gorman-Rupp Company (The)","28.37","595681854.41","n/a","n/a","Capital Goods","Fluid Controls","http://www.nasdaq.com/symbol/grc",
"GGG","Graco Inc.","56.51","3443713975.04","n/a","n/a","Capital Goods","Fluid Controls","http://www.nasdaq.com/symbol/ggg",
"GBX","Greenbrier Companies, Inc. (The)","20.92","569480390.72","n/a","1994","Capital Goods","Railroads","http://www.nasdaq.com/symbol/gbx",
"GFF","Griffon Corporation","11.22","686824973.34","n/a","n/a","Capital Goods","Building Products","http://www.nasdaq.com/symbol/gff",
"GSE","GSE Holding, Inc.","7.92","159251922.72","n/a","n/a","Capital Goods","Specialty Chemicals","http://www.nasdaq.com/symbol/gse",
"GIFI","Gulf Island Fabrication, Inc.","19.88","287395657.36","n/a","1997","Capital Goods","Metal Fabrications","http://www.nasdaq.com/symbol/gifi",
"HNH","Handy & Harman Ltd.","15.18","199465260.72","n/a","n/a","Capital Goods","Industrial Specialties","http://www.nasdaq.com/symbol/hnh",
"HDNG","Hardinge, Inc.","13.8","162267893.4","n/a","1995","Capital Goods","Industrial Machinery/Components","http://www.nasdaq.com/symbol/hdng",
"HRS","Harris Corporation","44.74","5048900812.58","n/a","n/a","Capital Goods","Industrial Machinery/Components","http://www.nasdaq.com/symbol/hrs",
"HSC","Harsco Corporation","23.67","1908957143.34","n/a","n/a","Capital Goods","Metal Fabrications","http://www.nasdaq.com/symbol/hsc",
"HBIO","Harvard Bioscience, Inc.","5.64","169252638.12","n/a","2000","Capital Goods","Biotechnology: Laboratory Analytical Instruments","http://www.nasdaq.com/symbol/hbio",
"HAYN","Haynes International, Inc.","53.77","663144979.84","n/a","2007","Capital Goods","Steel/Iron Ore","http://www.nasdaq.com/symbol/hayn",
"HW","Headwaters Incorporated","10.33","752651692.12","n/a","n/a","Capital Goods","Building Materials","http://www.nasdaq.com/symbol/hw",
"HEI","Heico Corporation","43.29","926561281.23","n/a","n/a","Capital Goods","Aerospace","http://www.nasdaq.com/symbol/hei",
"HEI/A","Heico Corporation","33.69","0","n/a","n/a","Capital Goods","Aerospace","http://www.nasdaq.com/symbol/hei/a",
"HIHO","Highway Holdings Limited","1.67","6319069.58","n/a","n/a","Capital Goods","Metal Fabrications","http://www.nasdaq.com/symbol/hiho",
"HMC","Honda Motor Company, Ltd.","39.19","70632078842.04","n/a","1976","Capital Goods","Auto Manufacturing","http://www.nasdaq.com/symbol/hmc",
"HON","Honeywell International Inc.","73.55","57554341734.1","n/a","n/a","Capital Goods","Auto Parts:O.E.M.","http://www.nasdaq.com/symbol/hon",
"ZINC","Horsehead Holding Corp.","10.19","449239050.54","n/a","2007","Capital Goods","Metal Fabrications","http://www.nasdaq.com/symbol/zinc",
"HOV","Hovnanian Enterprises Inc","5.67","788908570.38","n/a","1983","Capital Goods","Homebuilding","http://www.nasdaq.com/symbol/hov",
"HOVNP","Hovnanian Enterprises Inc","14.95","74750000","n/a","n/a","Capital Goods","Homebuilding","http://www.nasdaq.com/symbol/hovnp",
"HOVU","Hovnanian Enterprises Inc","28.83","0","n/a","n/a","Capital Goods","Homebuilding","http://www.nasdaq.com/symbol/hovu",
"HUB/A","Hubbell Inc A","84.25","0","n/a","n/a","Capital Goods","Electrical Products","http://www.nasdaq.com/symbol/hub/a",
"HUB/B","Hubbell Inc A","94.44","0","n/a","n/a","Capital Goods","Electrical Products","http://www.nasdaq.com/symbol/hub/b",
"HII","Huntington Ingalls Industries, Inc.","51.3","2545588695.6","n/a","1985","Capital Goods","Marine Transportation","http://www.nasdaq.com/symbol/hii",
"HURC","Hurco Companies, Inc.","25.75","166015657.5","n/a","n/a","Capital Goods","Industrial Machinery/Components","http://www.nasdaq.com/symbol/hurc",
"HTCH","Hutchinson Technology Incorporated","2.78","69842373.68","n/a","1985","Capital Goods","Industrial Machinery/Components","http://www.nasdaq.com/symbol/htch",
"HY","Hyster-Yale Materials Handling, Inc.","53.12","662814255.36","n/a","n/a","Capital Goods","Construction/Ag Equipment/Trucks","http://www.nasdaq.com/symbol/hy",
"IEP","Icahn Enterprises L.P.","61.3","6621958062.1","n/a","n/a","Capital Goods","Auto Parts:O.E.M.","http://www.nasdaq.com/symbol/iep",
"IEX","IDEX Corporation","52.02","4292880689.16","n/a","1989","Capital Goods","Fluid Controls","http://www.nasdaq.com/symbol/iex",
"IIVI","II-VI Incorporated","16.99","1056766514.76","n/a","1987","Capital Goods","Electronic Components","http://www.nasdaq.com/symbol/iivi",
"ILMN","Illumina, Inc.","55.23","6850770843.42","n/a","2000","Capital Goods","Biotechnology: Laboratory Analytical Instruments","http://www.nasdaq.com/symbol/ilmn",
"ISNS","Image Sensing Systems, Inc.","4.62","22945779.78","n/a","1995","Capital Goods","Industrial Machinery/Components","http://www.nasdaq.com/symbol/isns",
"IR","Ingersoll-Rand plc (Ireland)","54.9","16267824491.4","n/a","n/a","Capital Goods","Auto Parts:O.E.M.","http://www.nasdaq.com/symbol/ir",
"IIIN","Insteel Industries, Inc.","15.31","271682227.1","n/a","n/a","Capital Goods","Steel/Iron Ore","http://www.nasdaq.com/symbol/iiin",
"IART","Integra LifeSciences Holdings Corporation","38.1","1066381928.7","n/a","n/a","Capital Goods","Biotechnology: Laboratory Analytical Instruments","http://www.nasdaq.com/symbol/iart",
"IESC","Integrated Electrical Services, Inc.","6.03","90795000.42","n/a","n/a","Capital Goods","Engineering & Construction","http://www.nasdaq.com/symbol/iesc",
"INS","Intelligent Systems Corporation","1.32","11824596.96","n/a","1992","Capital Goods","Metal Fabrications","http://www.nasdaq.com/symbol/ins",
"INTT","inTest Corporation","2.97","31037028.66","n/a","1997","Capital Goods","Electrical Products","http://www.nasdaq.com/symbol/intt",
"IIN","IntriCon Corporation","4.55","25878302.45","n/a","n/a","Capital Goods","Electrical Products","http://www.nasdaq.com/symbol/iin",
"ITRI","Itron, Inc.","45.09","1782546441.93","n/a","1993","Capital Goods","Electrical Products","http://www.nasdaq.com/symbol/itri",
"ITT","ITT Corporation","27.63","2543874344.55","n/a","n/a","Capital Goods","Fluid Controls","http://www.nasdaq.com/symbol/itt",
"XXIA","Ixia","18.13","1363385645.16","n/a","2000","Capital Goods","Electrical Products","http://www.nasdaq.com/symbol/xxia",
"JHX","James Hardie Industries plc.","50.67","4432611600","n/a","n/a","Capital Goods","Building Materials","http://www.nasdaq.com/symbol/jhx",
"KALU","Kaiser Aluminum Corporation","62.04","1198193099.4","n/a","n/a","Capital Goods","Metal Fabrications","http://www.nasdaq.com/symbol/kalu",
"KNDI","Kandi Technologies Group, Inc.","3.99","129834069.33","n/a","n/a","Capital Goods","Auto Manufacturing","http://www.nasdaq.com/symbol/kndi",
"KDN","Kaydon Corporation","25.5","817977193.5","n/a","n/a","Capital Goods","Metal Fabrications","http://www.nasdaq.com/symbol/kdn",
"KBH","KB Home","22.19","1853903159.15","n/a","1986","Capital Goods","Homebuilding","http://www.nasdaq.com/symbol/kbh",
"KEM","Kemet Corporation","5.95","267283692.55","n/a","n/a","Capital Goods","Electrical Products","http://www.nasdaq.com/symbol/kem",
"KMT","Kennametal Inc.","38.39","3041226969.11","n/a","n/a","Capital Goods","Industrial Machinery/Components","http://www.nasdaq.com/symbol/kmt",
"KEQU","Kewaunee Scientific Corporation","12.91","33455774.42","n/a","n/a","Capital Goods","Medical Specialities","http://www.nasdaq.com/symbol/kequ",
"KLAC","KLA-Tencor Corporation","51.99","8637866072.4","n/a","1980","Capital Goods","Electronic Components","http://www.nasdaq.com/symbol/klac",
"KTOS","Kratos Defense & Security Solutions, Inc.","4.92","278700435.6","n/a","n/a","Capital Goods","Military/Government/Technical","http://www.nasdaq.com/symbol/ktos",
"SCX","L.S. Starrett Company (The)","10.58","71943227.66","n/a","n/a","Capital Goods","Industrial Machinery/Components","http://www.nasdaq.com/symbol/scx",
"LDR","Landauer, Inc.","54.88","520824096.8","n/a","n/a","Capital Goods","Industrial Machinery/Components","http://www.nasdaq.com/symbol/ldr",
"LEA","Lear Corporation","52.28","4926054559.68","n/a","1994","Capital Goods","Auto Parts:O.E.M.","http://www.nasdaq.com/symbol/lea",
"LII","Lennox International, Inc.","62.08","3127710897.28","n/a","1987","Capital Goods","Industrial Machinery/Components","http://www.nasdaq.com/symbol/lii",
"LPL","LG Display Co., Ltd.","13.33","9539366562","n/a","2004","Capital Goods","Industrial Machinery/Components","http://www.nasdaq.com/symbol/lpl",
"LGL","LGL Group, Inc. (The)","5.15","13419452.85","n/a","n/a","Capital Goods","Industrial Machinery/Components","http://www.nasdaq.com/symbol/lgl",
"LBY","Libbey, Inc.","18.92","395782371.6","n/a","1993","Capital Goods","Industrial Machinery/Components","http://www.nasdaq.com/symbol/lby",
"LCUT","Lifetime Brands, Inc.","12.4","158180190.8","n/a","1991","Capital Goods","Industrial Machinery/Components","http://www.nasdaq.com/symbol/lcut",
"LIWA","Lihua International, Inc.","4.69","139859720.84","n/a","2009","Capital Goods","Metal Fabrications","http://www.nasdaq.com/symbol/liwa",
"LNN","Lindsay Corporation","81.98","1052835200.28","n/a","n/a","Capital Goods","Industrial Machinery/Components","http://www.nasdaq.com/symbol/lnn",
"LMIA","LMI Aerospace, Inc.","22.23","283619232","n/a","1998","Capital Goods","Military/Government/Technical","http://www.nasdaq.com/symbol/lmia",
"LMT","Lockheed Martin Corporation","95.09","30606309162.41","n/a","n/a","Capital Goods","Military/Government/Technical","http://www.nasdaq.com/symbol/lmt",
"LTXC","LTX-Credence Corporation","5.83","277214412.86","n/a","n/a","Capital Goods","Electrical Products","http://www.nasdaq.com/symbol/ltxc",
"LDL","Lydall, Inc.","14.73","252247906.29","n/a","n/a","Capital Goods","Auto Parts:O.E.M.","http://www.nasdaq.com/symbol/ldl",
"MDC","M.D.C. Holdings, Inc.","36.11","1758512115.27","n/a","n/a","Capital Goods","Homebuilding","http://www.nasdaq.com/symbol/mdc",
"MHO","M/I Homes, Inc.","23.06","500108054.18","n/a","1993","Capital Goods","Homebuilding","http://www.nasdaq.com/symbol/mho",
"MGA","Magna International, Inc.","56.94","13287696337.5","n/a","1984","Capital Goods","Auto Parts:O.E.M.","http://www.nasdaq.com/symbol/mga",
"MAG","Magnetek, Inc.","15.33","50800569.33","n/a","n/a","Capital Goods","Industrial Machinery/Components","http://www.nasdaq.com/symbol/mag",
"MTW","Manitowoc Company, Inc. (The)","18.57","2474437421.16","n/a","n/a","Capital Goods","Construction/Ag Equipment/Trucks","http://www.nasdaq.com/symbol/mtw",
"MPX","Marine Products Corporation","7.04","268255820.8","n/a","n/a","Capital Goods","Marine Transportation","http://www.nasdaq.com/symbol/mpx",
"MASC","Material Sciences Corporation","10.82","110231552.38","n/a","n/a","Capital Goods","Industrial Specialties","http://www.nasdaq.com/symbol/masc",
"MTRN","Materion Corporation","27.81","577502682.48","n/a","1994","Capital Goods","Industrial Specialties","http://www.nasdaq.com/symbol/mtrn",
"MATW","Matthews International Corporation","33.87","937291859.79","n/a","1994","Capital Goods","Metal Fabrications","http://www.nasdaq.com/symbol/matw",
"MDR","McDermott International, Inc.","10.73","2536759292.15","n/a","n/a","Capital Goods","Metal Fabrications","http://www.nasdaq.com/symbol/mdr",
"MEAD","Meade Instruments Corp.","1.88","2455311.96","n/a","1997","Capital Goods","Electronic Components","http://www.nasdaq.com/symbol/mead",
"MEAS","Measurement Specialties, Inc.","38.16","589107363.84","n/a","n/a","Capital Goods","Industrial Machinery/Components","http://www.nasdaq.com/symbol/meas",
"MRCY","Mercury Systems Inc","7.42","239580870.34","n/a","1985","Capital Goods","Electrical Products","http://www.nasdaq.com/symbol/mrcy",
"MTH","Meritage Corporation","44.39","1598493843.36","n/a","n/a","Capital Goods","Homebuilding","http://www.nasdaq.com/symbol/mth",
"MTOR","Meritor, Inc.","4.39","427147000","n/a","n/a","Capital Goods","Auto Parts:O.E.M.","http://www.nasdaq.com/symbol/mtor",
"MLAB","Mesa Laboratories, Inc.","52.49","177390899.82","n/a","1972","Capital Goods","Industrial Machinery/Components","http://www.nasdaq.com/symbol/mlab",
"MEI","Methode Electronics, Inc.","13.19","488827863.1","n/a","n/a","Capital Goods","Electrical Products","http://www.nasdaq.com/symbol/mei",
"MPR","Met-Pro Corporation","9.8","144029179","n/a","n/a","Capital Goods","Pollution Control Equipment","http://www.nasdaq.com/symbol/mpr",
"MTD","Mettler-Toledo International, Inc.","206.99","6265425226.83","n/a","1997","Capital Goods","Biotechnology: Laboratory Analytical Instruments","http://www.nasdaq.com/symbol/mtd",
"MFRI","MFRI, Inc.","7.13","49368091.48","n/a","1989","Capital Goods","Pollution Control Equipment","http://www.nasdaq.com/symbol/mfri",
"MVIS","Microvision, Inc.","2.02","50978740","n/a","1993","Capital Goods","Industrial Machinery/Components","http://www.nasdaq.com/symbol/mvis",
"MVISW","Microvision, Inc.","0.032","0","n/a","n/a","Capital Goods","Industrial Machinery/Components","http://www.nasdaq.com/symbol/mvisw",
"MLR","Miller Industries, Inc.","15.36","171662054.4","n/a","n/a","Capital Goods","Construction/Ag Equipment/Trucks","http://www.nasdaq.com/symbol/mlr",
"MSON","MISONIX, Inc.","6.03","42511415.58","n/a","1992","Capital Goods","Medical Specialities","http://www.nasdaq.com/symbol/mson",
"MKSI","MKS Instruments, Inc.","26.35","1392165333.65","n/a","1999","Capital Goods","Industrial Machinery/Components","http://www.nasdaq.com/symbol/mksi",
"MINI","Mobile Mini, Inc.","27.57","1269087048.93","n/a","1994","Capital Goods","Metal Fabrications","http://www.nasdaq.com/symbol/mini",
"MOCO","MOCON, Inc.","14.37","79322989.17","n/a","n/a","Capital Goods","Industrial Machinery/Components","http://www.nasdaq.com/symbol/moco",
"MOD","Modine Manufacturing Company","8.98","423838830.24","n/a","n/a","Capital Goods","Auto Parts:O.E.M.","http://www.nasdaq.com/symbol/mod",
"MOLX","Molex Incorporated","28.22","5008748949.04","n/a","1972","Capital Goods","Electrical Products","http://www.nasdaq.com/symbol/molx",
"MOLXA","Molex Incorporated","23.27","4130176755.64","n/a","n/a","Capital Goods","Electrical Products","http://www.nasdaq.com/symbol/molxa",
"MPAA","Motorcar Parts of America, Inc.","6.45","93869836.35","n/a","n/a","Capital Goods","Auto Parts:O.E.M.","http://www.nasdaq.com/symbol/mpaa",
"MRC","MRC Global Inc.","30.12","3061307915.88","n/a","1996","Capital Goods","Industrial Machinery/Components","http://www.nasdaq.com/symbol/mrc",
"MSM","MSC Industrial Direct Company, Inc.","82.83","5230689485.34","n/a","1995","Capital Goods","Industrial Machinery/Components","http://www.nasdaq.com/symbol/msm",
"MTSC","MTS Systems Corporation","56.15","882945779.35","n/a","n/a","Capital Goods","Industrial Machinery/Components","http://www.nasdaq.com/symbol/mtsc",
"MLI","Mueller Industries, Inc.","51.6","1450722596.4","n/a","n/a","Capital Goods","Metal Fabrications","http://www.nasdaq.com/symbol/mli",
"MWA","MUELLER WATER PRODUCTS","5.77","909983820.77","n/a","2006","Capital Goods","Metal Fabrications","http://www.nasdaq.com/symbol/mwa",
"NC","NACCO Industries, Inc.","49.21","333998210.42","n/a","n/a","Capital Goods","Construction/Ag Equipment/Trucks","http://www.nasdaq.com/symbol/nc",
"NTE","Nam Tai Electronics, Inc.","12.64","566319210.4","n/a","1988","Capital Goods","Industrial Machinery/Components","http://www.nasdaq.com/symbol/nte",
"NANO","Nanometrics Incorporated","14.02","328116312.92","n/a","1984","Capital Goods","Industrial Machinery/Components","http://www.nasdaq.com/symbol/nano",
"NPK","National Presto Industries, Inc.","78.27","539605746.66","n/a","n/a","Capital Goods","Ordnance And Accessories","http://www.nasdaq.com/symbol/npk",
"SID","National Steel Company","4.33","6313010567.64","n/a","n/a","Capital Goods","Steel/Iron Ore","http://www.nasdaq.com/symbol/sid",
"NAV","Navistar International Corporation","32.54","2606936698.36","n/a","n/a","Capital Goods","Auto Manufacturing","http://www.nasdaq.com/symbol/nav",
"NAV^D","Navistar International Corporation","10","0","n/a","n/a","Capital Goods","Auto Manufacturing","http://www.nasdaq.com/symbol/nav^d",
"NCS","NCI Building Systems, Inc.","17.17","355405315.51","n/a","1972","Capital Goods","Metal Fabrications","http://www.nasdaq.com/symbol/ncs",
"NEON","Neonode Inc.","5.78","195556104.08","n/a","1997","Capital Goods","Industrial Machinery/Components","http://www.nasdaq.com/symbol/neon",
"NEWP","Newport Corporation","15.72","608644334.76","n/a","n/a","Capital Goods","Medical Specialities","http://www.nasdaq.com/symbol/newp",
"NFEC","NF Energy Saving Corporation","0.62","3384671.14","n/a","n/a","Capital Goods","Metal Fabrications","http://www.nasdaq.com/symbol/nfec",
"NNBR","NN, Inc.","8.88","151306311.12","n/a","1994","Capital Goods","Metal Fabrications","http://www.nasdaq.com/symbol/nnbr",
"NDZ","Nordion Inc.","6.84","423458250.84","n/a","n/a","Capital Goods","Biotechnology: Laboratory Analytical Instruments","http://www.nasdaq.com/symbol/ndz",
"NDSN","Nordson Corporation","67.1","4327878874","n/a","n/a","Capital Goods","Industrial Machinery/Components","http://www.nasdaq.com/symbol/ndsn",
"NSYS","Nortech Systems Incorporated","3.25","8914724","n/a","n/a","Capital Goods","Industrial Machinery/Components","http://www.nasdaq.com/symbol/nsys",
"NTIC","Northern Technologies International Corporation","12.98","57356296.58","n/a","n/a","Capital Goods","Industrial Specialties","http://www.nasdaq.com/symbol/ntic",
"NOC","Northrop Grumman Corporation","71.72","17006712651.72","n/a","n/a","Capital Goods","Industrial Machinery/Components","http://www.nasdaq.com/symbol/noc",
"NVMI","Nova Measuring Instruments Ltd.","8.8","234800508.8","n/a","2000","Capital Goods","Electronic Components","http://www.nasdaq.com/symbol/nvmi",
"NVR","NVR, Inc.","1063.32","5312755034.88","n/a","n/a","Capital Goods","Homebuilding","http://www.nasdaq.com/symbol/nvr",
"OFLX","Omega Flex, Inc.","15.22","153597530.84","n/a","n/a","Capital Goods","Industrial Specialties","http://www.nasdaq.com/symbol/oflx",
"ORBT","Orbit International Corporation","3.46","16031093.44","n/a","n/a","Capital Goods","Industrial Machinery/Components","http://www.nasdaq.com/symbol/orbt",
"ORBK","Orbotech Ltd.","9.56","414941226.64","n/a","n/a","Capital Goods","Industrial Machinery/Components","http://www.nasdaq.com/symbol/orbk",
"OSK","Oshkosh Corporation","39.41","3443047437.97","n/a","1985","Capital Goods","Auto Manufacturing","http://www.nasdaq.com/symbol/osk",
"OC","Owens Corning Inc","38.97","4629452061.6","n/a","n/a","Capital Goods","Industrial Machinery/Components","http://www.nasdaq.com/symbol/oc",
"PCAR","PACCAR Inc.","48.21","17049114904.47","n/a","n/a","Capital Goods","Auto Manufacturing","http://www.nasdaq.com/symbol/pcar",
"PACB","Pacific Biosciences of California, Inc.","2.38","136843638.26","n/a","2010","Capital Goods","Biotechnology: Laboratory Analytical Instruments","http://www.nasdaq.com/symbol/pacb",
"PLL","Pall Corporation","66.84","7438775928.36","n/a","n/a","Capital Goods","Industrial Machinery/Components","http://www.nasdaq.com/symbol/pll",
"PH","Parker-Hannifin Corporation","89.9","13409329641.7","n/a","n/a","Capital Goods","Metal Fabrications","http://www.nasdaq.com/symbol/ph",
"PKOH","Park-Ohio Holdings Corp.","34.85","426319701.5","n/a","n/a","Capital Goods","Industrial Specialties","http://www.nasdaq.com/symbol/pkoh",
"PRCP","Perceptron, Inc.","7.11","60696626.67","n/a","1992","Capital Goods","Electronic Components","http://www.nasdaq.com/symbol/prcp",
"PKI","PerkinElmer, Inc.","33.6","3758601302.4","n/a","n/a","Capital Goods","Biotechnology: Laboratory Analytical Instruments","http://www.nasdaq.com/symbol/pki",
"PGTI","PGT, Inc.","6.55","341381080.95","n/a","2006","Capital Goods","Building Products","http://www.nasdaq.com/symbol/pgti",
"PIKE","Pike Electric Corp.","15.06","529849443.96","n/a","n/a","Capital Goods","Engineering & Construction","http://www.nasdaq.com/symbol/pike",
"PLNR","Planar Systems, Inc.","2","42374276","n/a","1993","Capital Goods","Industrial Machinery/Components","http://www.nasdaq.com/symbol/plnr",
"PMFG","PMFG, Inc.","6.18","129287175.9","n/a","1970","Capital Goods","Industrial Machinery/Components","http://www.nasdaq.com/symbol/pmfg",
"PII","Polaris Industries Inc.","87.84","6013427140.8","n/a","n/a","Capital Goods","Industrial Specialties","http://www.nasdaq.com/symbol/pii",
"PWER","Power-One, Inc.","4.05","494517619.8","n/a","1997","Capital Goods","Industrial Machinery/Components","http://www.nasdaq.com/symbol/pwer",
"PRLB","Proto Labs, Inc.","46.82","1176125703.92","n/a","n/a","Capital Goods","Metal Fabrications","http://www.nasdaq.com/symbol/prlb",
"PSDV","pSivida Corp.","2.24","52185304.64","n/a","n/a","Capital Goods","Biotechnology: Laboratory Analytical Instruments","http://www.nasdaq.com/symbol/psdv",
"PULS","Pulse Electronics Corporation","0.343","27259367.625","n/a","n/a","Capital Goods","Industrial Machinery/Components","http://www.nasdaq.com/symbol/puls",
"PHA","PulteGroup, Inc.","25.56","0","n/a","n/a","Capital Goods","Homebuilding","http://www.nasdaq.com/symbol/pha",
"PHM","PulteGroup, Inc.","19.73","7643995024.61","n/a","n/a","Capital Goods","Homebuilding","http://www.nasdaq.com/symbol/phm",
"NX","Quanex Building Products Corporation","16.01","593332841.4","n/a","n/a","Capital Goods","Metal Fabrications","http://www.nasdaq.com/symbol/nx",
"PWR","Quanta Services, Inc.","27.98","5857152924.86","n/a","1980","Capital Goods","Engineering & Construction","http://www.nasdaq.com/symbol/pwr",
"QTWW","Quantum Fuel Systems Technologies Worldwide, Inc.","0.62","30906501.52","n/a","n/a","Capital Goods","Auto Parts:O.E.M.","http://www.nasdaq.com/symbol/qtww",
"RAVN","Raven Industries, Inc.","31.25","1135403843.75","n/a","n/a","Capital Goods","Specialty Chemicals","http://www.nasdaq.com/symbol/ravn",
"RTN","Raytheon Company","58.25","19010178750","n/a","n/a","Capital Goods","Industrial Machinery/Components","http://www.nasdaq.com/symbol/rtn",
"ROLL","RBC Bearings Incorporated","49.57","1138040353.36","n/a","1998","Capital Goods","Metal Fabrications","http://www.nasdaq.com/symbol/roll",
"RSOL","Real Goods Solar, Inc.","1.84","49142234.24","n/a","2008","Capital Goods","Building Products","http://www.nasdaq.com/symbol/rsol",
"REMY","Remy International, Inc.","17.73","564966591.84","n/a","n/a","Capital Goods","Auto Parts:O.E.M.","http://www.nasdaq.com/symbol/remy",
"RFIL","RF Industries, Ltd.","6.505","48819836.355","n/a","n/a","Capital Goods","Electrical Products","http://www.nasdaq.com/symbol/rfil",
"ROK","Rockwell Automation, Inc.","87.09","12175506758.61","n/a","n/a","Capital Goods","Industrial Machinery/Components","http://www.nasdaq.com/symbol/rok",
"COL","Rockwell Collins, Inc.","62.35","8515142243.4","n/a","n/a","Capital Goods","Military/Government/Technical","http://www.nasdaq.com/symbol/col",
"ROP","Roper Industries, Inc.","123.31","12194298534","n/a","1992","Capital Goods","Industrial Machinery/Components","http://www.nasdaq.com/symbol/rop",
"RTI","RTI International Metals, Inc.","30.82","939863235.16","n/a","1990","Capital Goods","Metal Fabrications","http://www.nasdaq.com/symbol/rti",
"RTEC","Rudolph Technologies, Inc.","11.49","372143945.43","n/a","1995","Capital Goods","Industrial Machinery/Components","http://www.nasdaq.com/symbol/rtec",
"RYL","Ryland Group, Inc. (The)","41.14","1870303141.96","n/a","1971","Capital Goods","Homebuilding","http://www.nasdaq.com/symbol/ryl",
"SMIT","Schmitt Industries, Inc.","2.9","8673639","n/a","n/a","Capital Goods","Industrial Machinery/Components","http://www.nasdaq.com/symbol/smit",
"ST","Sensata Technologies Holding N.V.","31.98","5693096293.56","n/a","2010","Capital Goods","Industrial Machinery/Components","http://www.nasdaq.com/symbol/st",
"SQNM","Sequenom, Inc.","4.09","470964996.94","n/a","2000","Capital Goods","Industrial Machinery/Components","http://www.nasdaq.com/symbol/sqnm",
"SVT","Servotronics, Inc.","8.06","19151744.82","n/a","n/a","Capital Goods","Industrial Machinery/Components","http://www.nasdaq.com/symbol/svt",
"VALV","Shengkai Innovations, Inc.","0.81","13928945.49","n/a","n/a","Capital Goods","Metal Fabrications","http://www.nasdaq.com/symbol/valv",
"SHLO","Shiloh Industries, Inc.","9.56","162493031.24","n/a","1993","Capital Goods","Industrial Specialties","http://www.nasdaq.com/symbol/shlo",
"SIF","SIFCO Industries, Inc.","17.85","95311342.35","n/a","n/a","Capital Goods","Aerospace","http://www.nasdaq.com/symbol/sif",
"SIMG","Silicon Image, Inc.","4.69","361969528.76","n/a","1999","Capital Goods","Electrical Products","http://www.nasdaq.com/symbol/simg",
"SSD","Simpson Manufacturing Company, Inc.","30.64","1487382981.84","n/a","n/a","Capital Goods","Industrial Machinery/Components","http://www.nasdaq.com/symbol/ssd",
"SLI","SL Industries, Inc.","18.5615","76826995.1365","n/a","n/a","Capital Goods","Industrial Machinery/Components","http://www.nasdaq.com/symbol/sli",
"SWHC","Smith & Wesson Holding Corporation","8.6","551796339","n/a","n/a","Capital Goods","Ordnance And Accessories","http://www.nasdaq.com/symbol/swhc",
"SNA","Snap-On Incorporated","82.48","4819304090.56","n/a","n/a","Capital Goods","Industrial Machinery/Components","http://www.nasdaq.com/symbol/sna",
"SORL","SORL Auto Parts, Inc.","3.031","58513215.551","n/a","n/a","Capital Goods","Auto Parts:O.E.M.","http://www.nasdaq.com/symbol/sorl",
"SPAR","Spartan Motors, Inc.","5.23","177392620.09","n/a","n/a","Capital Goods","Auto Manufacturing","http://www.nasdaq.com/symbol/spar",
"SPR","Spirit Aerosystems Holdings, Inc.","18.82","2218704818.36","n/a","2006","Capital Goods","Military/Government/Technical","http://www.nasdaq.com/symbol/spr",
"SMP","Standard Motor Products, Inc.","28","638996596","n/a","n/a","Capital Goods","Auto Parts:O.E.M.","http://www.nasdaq.com/symbol/smp",
"SPF","Standard Pacific Corp","8.68","1867923526.84","n/a","n/a","Capital Goods","Homebuilding","http://www.nasdaq.com/symbol/spf",
"SWJ","Stanley Black & Decker, Inc.","26.21","0","n/a","n/a","Capital Goods","Industrial Machinery/Components","http://www.nasdaq.com/symbol/swj",
"SWK","Stanley Black & Decker, Inc.","77.9","12566537510.9","n/a","n/a","Capital Goods","Industrial Machinery/Components","http://www.nasdaq.com/symbol/swk",
"SWU","Stanley Black & Decker, Inc.","123.69","0","n/a","n/a","Capital Goods","Industrial Machinery/Components","http://www.nasdaq.com/symbol/swu",
"SPLP","Steel Partners Holdings LP","13.3","402385368.7","n/a","n/a","Capital Goods","Industrial Specialties","http://www.nasdaq.com/symbol/splp",
"SLT","Sterlite Industries (India) Limited","6.4","5377932051.2","n/a","n/a","Capital Goods","Metal Fabrications","http://www.nasdaq.com/symbol/slt",
"SRI","Stoneridge, Inc.","7.41","210908229.09","n/a","1997","Capital Goods","Auto Parts:O.E.M.","http://www.nasdaq.com/symbol/sri",
"STRI","STR Holdings, Inc","1.91","79617582.18","n/a","2009","Capital Goods","Specialty Chemicals","http://www.nasdaq.com/symbol/stri",
"STRT","Strattec Security Corporation","32.74","108652273.6","n/a","n/a","Capital Goods","Auto Parts:O.E.M.","http://www.nasdaq.com/symbol/strt",
"RGR","Sturm, Ruger & Company, Inc.","48.61","938830693.3","n/a","n/a","Capital Goods","Ordnance And Accessories","http://www.nasdaq.com/symbol/rgr",
"SNHY","Sun Hydraulics Corporation","32.14","839401601.32","n/a","1997","Capital Goods","Metal Fabrications","http://www.nasdaq.com/symbol/snhy",
"SUP","Superior Industries International, Inc.","18.19","496902832.97","n/a","n/a","Capital Goods","Auto Parts:O.E.M.","http://www.nasdaq.com/symbol/sup",
"STS","Supreme Industries, Inc.","4.5087","68868976.7682","n/a","n/a","Capital Goods","Construction/Ag Equipment/Trucks","http://www.nasdaq.com/symbol/sts",
"SUTR","Sutor Technology Group Limited","1.7","68467098.8","n/a","n/a","Capital Goods","Steel/Iron Ore","http://www.nasdaq.com/symbol/sutr",
"STRN","Sutron Corporation","5.42","27354111.28","n/a","n/a","Capital Goods","Industrial Machinery/Components","http://www.nasdaq.com/symbol/strn",
"SYPR","Sypris Solutions, Inc.","3.58","71629255.76","n/a","n/a","Capital Goods","Industrial Machinery/Components","http://www.nasdaq.com/symbol/sypr",
"TTTM","T3 Motion Inc","0.25","3824194.25","n/a","n/a","Capital Goods","Auto Manufacturing","http://www.nasdaq.com/symbol/tttm",
"TASR","TASER International, Inc.","7.74","406209565.44","n/a","n/a","Capital Goods","Ordnance And Accessories","http://www.nasdaq.com/symbol/tasr",
"TATT","TAT Technologies Ltd.","6.03","53095778.1","n/a","n/a","Capital Goods","Aerospace","http://www.nasdaq.com/symbol/tatt",
"TTM","Tata Motors Ltd","23.88","15156858418.32","n/a","n/a","Capital Goods","Auto Manufacturing","http://www.nasdaq.com/symbol/ttm",
"TAYD","Taylor Devices, Inc.","8.451","27978531.327","n/a","n/a","Capital Goods","Industrial Machinery/Components","http://www.nasdaq.com/symbol/tayd",
"TECUA","Tecumseh Products Company","8.98","165947562.32","n/a","n/a","Capital Goods","Industrial Machinery/Components","http://www.nasdaq.com/symbol/tecua",
"TECUB","Tecumseh Products Company","8.45","156153329.8","n/a","n/a","Capital Goods","Industrial Machinery/Components","http://www.nasdaq.com/symbol/tecub",
"TDY","Teledyne Technologies Incorporated","77.97","2909479398.9","n/a","n/a","Capital Goods","Industrial Machinery/Components","http://www.nasdaq.com/symbol/tdy",
"TNAV","TeleNav, Inc.","6.3","255855650.4","n/a","2010","Capital Goods","Industrial Machinery/Components","http://www.nasdaq.com/symbol/tnav",
"TIK","Tel-Instrument Electronics Corp.","3.5","10541086.5","n/a","n/a","Capital Goods","Electrical Products","http://www.nasdaq.com/symbol/tik",
"TEN","Tenneco Inc.","36.66","2220588143.28","n/a","n/a","Capital Goods","Auto Parts:O.E.M.","http://www.nasdaq.com/symbol/ten",
"TER","Teradyne, Inc.","15.58","2965108011.6","n/a","1970","Capital Goods","Electrical Products","http://www.nasdaq.com/symbol/ter",
"TEX","Terex Corporation","31.07","3449348274.84","n/a","n/a","Capital Goods","Construction/Ag Equipment/Trucks","http://www.nasdaq.com/symbol/tex",
"TSLA","Tesla Motors, Inc.","41.83","4790286810.59","n/a","2010","Capital Goods","Auto Manufacturing","http://www.nasdaq.com/symbol/tsla",
"TXI","Texas Industries, Inc.","60.48","1719373944.96","n/a","n/a","Capital Goods","Building Materials","http://www.nasdaq.com/symbol/txi",
"TXT","Textron Inc.","28.97","7889101969.73","n/a","n/a","Capital Goods","Aerospace","http://www.nasdaq.com/symbol/txt",
"XONE","The ExOne Company","29.769","395380188.552","n/a","n/a","Capital Goods","Industrial Machinery/Components","http://www.nasdaq.com/symbol/xone",
"TGX","Theragenics Corporation","1.53","47506530.6","n/a","n/a","Capital Goods","Electrical Products","http://www.nasdaq.com/symbol/tgx",
"TMO","Thermo Fisher Scientific Inc","78.34","28016345163.56","n/a","n/a","Capital Goods","Industrial Machinery/Components","http://www.nasdaq.com/symbol/tmo",
"KOOL","THERMOGENESIS Corp.","0.83","13713517.3","n/a","n/a","Capital Goods","Medical Specialities","http://www.nasdaq.com/symbol/kool",
"THTI","THT Heat Transfer Technology, Inc.","1.21","24748735","n/a","n/a","Capital Goods","Metal Fabrications","http://www.nasdaq.com/symbol/thti",
"TKR","Timken Company (The)","53.79","5164546047.54","n/a","n/a","Capital Goods","Metal Fabrications","http://www.nasdaq.com/symbol/tkr",
"TMS","TMS International Corp.","13.95","547920301.95","n/a","n/a","Capital Goods","Steel/Iron Ore","http://www.nasdaq.com/symbol/tms",
"TOL","Toll Brothers Inc.","33.09","5597570580","n/a","n/a","Capital Goods","Homebuilding","http://www.nasdaq.com/symbol/tol",
"TTC","Toro Company (The)","45.72","2645397421.92","n/a","n/a","Capital Goods","Tools/Hardware","http://www.nasdaq.com/symbol/ttc",
"TOWR","Tower International, Inc.","14.25","297212563.5","n/a","2010","Capital Goods","Auto Parts:O.E.M.","http://www.nasdaq.com/symbol/towr",
"TM","Toyota Motor Corp Ltd Ord","108.71","172134848909.87","n/a","1979","Capital Goods","Auto Manufacturing","http://www.nasdaq.com/symbol/tm",
"TRNS","Transcat, Inc.","6.17","45778635.84","n/a","n/a","Capital Goods","Electrical Products","http://www.nasdaq.com/symbol/trns",
"TDG","Transdigm Group Incorporated","150.28","7520079577.4","n/a","2006","Capital Goods","Military/Government/Technical","http://www.nasdaq.com/symbol/tdg",
"TG","Tredegar Corporation","28.67","919801547.9","n/a","n/a","Capital Goods","Metal Fabrications","http://www.nasdaq.com/symbol/tg",
"TPH","Tri Pointe Homes, Inc.","19.59","619002998.13","n/a","n/a","Capital Goods","Homebuilding","http://www.nasdaq.com/symbol/tph",
"TRS","TriMas Corporation","29.69","1169430759.15","n/a","1986","Capital Goods","Industrial Specialties","http://www.nasdaq.com/symbol/trs",
"TRMB","Trimble Navigation Limited","28.55","3650460556.8","n/a","1990","Capital Goods","Industrial Machinery/Components","http://www.nasdaq.com/symbol/trmb",
"TRN","Trinity Industries, Inc.","41.76","3306477121.92","n/a","n/a","Capital Goods","Railroads","http://www.nasdaq.com/symbol/trn",
"TGI","Triumph Group, Inc.","79.65","3992001289.2","n/a","1996","Capital Goods","Aerospace","http://www.nasdaq.com/symbol/tgi",
"TRW","TRW Automotive Holdings Corporation","54","6485405184","n/a","2004","Capital Goods","Auto Parts:O.E.M.","http://www.nasdaq.com/symbol/trw",
"USCR","U S Concrete, Inc.","13.31","177518052.14","n/a","n/a","Capital Goods","Building Materials","http://www.nasdaq.com/symbol/uscr",
"UFPT","UFP Technologies, Inc.","18.89","127839057.28","n/a","1993","Capital Goods","Containers/Packaging","http://www.nasdaq.com/symbol/ufpt",
"UNXL","Uni-Pixel, Inc.","26.85","268041428.85","n/a","n/a","Capital Goods","Industrial Machinery/Components","http://www.nasdaq.com/symbol/unxl",
"UAMY","United States Antimony Corporation","1.48","91607154.48","n/a","n/a","Capital Goods","Metal Fabrications","http://www.nasdaq.com/symbol/uamy",
"UTX","United Technologies Corporation","93.71","86050447189.59","n/a","n/a","Capital Goods","Aerospace","http://www.nasdaq.com/symbol/utx",
"PANL","Universal Display Corporation","30.03","1387738281.93","n/a","1996","Capital Goods","Electrical Products","http://www.nasdaq.com/symbol/panl",
"UQM","UQM TECHNOLOGIES INC","0.72","26656525.44","n/a","n/a","Capital Goods","Industrial Machinery/Components","http://www.nasdaq.com/symbol/uqm",
"USG","USG Corporation","28.08","3046001194.08","n/a","n/a","Capital Goods","Building Materials","http://www.nasdaq.com/symbol/usg",
"VMI","Valmont Industries, Inc.","144.53","3866258581.33","n/a","n/a","Capital Goods","Metal Fabrications","http://www.nasdaq.com/symbol/vmi",
"VICR","Vicor Corporation","4.99","139778792.18","n/a","1983","Capital Goods","Industrial Machinery/Components","http://www.nasdaq.com/symbol/vicr",
"VIDE","Video Display Corporation","3.83","28980116.3","n/a","1985","Capital Goods","Electrical Products","http://www.nasdaq.com/symbol/vide",
"VSH","Vishay Intertechnology, Inc.","12.56","1801045156.4","n/a","1973","Capital Goods","Electrical Products","http://www.nasdaq.com/symbol/vsh",
"VPG","Vishay Precision Group, Inc.","14.42","192808349.16","n/a","n/a","Capital Goods","Electrical Products","http://www.nasdaq.com/symbol/vpg",
"VC","Visteon Corporation","55.32","2872529170.8","n/a","1986","Capital Goods","Auto Parts:O.E.M.","http://www.nasdaq.com/symbol/vc",
"WNC","Wabash National Corporation","9.35","640069901.9","n/a","1991","Capital Goods","Construction/Ag Equipment/Trucks","http://www.nasdaq.com/symbol/wnc",
"WBC","Wabco Holdings Inc.","66.31","4165124194.72","n/a","n/a","Capital Goods","Auto Manufacturing","http://www.nasdaq.com/symbol/wbc",
"WAT","Waters Corporation","93.03","7967687289.87","n/a","1995","Capital Goods","Biotechnology: Laboratory Analytical Instruments","http://www.nasdaq.com/symbol/wat",
"WTS","Watts Water Technologies, Inc.","45.8","1317310317.2","n/a","1986","Capital Goods","Metal Fabrications","http://www.nasdaq.com/symbol/wts",
"WAIR","Wesco Aircraft Holdings, Inc.","14.11","1313519724.55","n/a","n/a","Capital Goods","Wholesale Distributors","http://www.nasdaq.com/symbol/wair",
"WAB","Westinghouse Air Brake Technologies Corporation","100","4809394900","n/a","1995","Capital Goods","Railroads","http://www.nasdaq.com/symbol/wab",
"WTT","Wireless Telecom Group,  Inc.","1.82","43384395.6","n/a","n/a","Capital Goods","Electrical Products","http://www.nasdaq.com/symbol/wtt",
"WOR","Worthington Industries, Inc.","30.11","2134211162.47","n/a","n/a","Capital Goods","Steel/Iron Ore","http://www.nasdaq.com/symbol/wor",
"XYL","Xylem Inc.","27.85","5186050793.05","n/a","n/a","Capital Goods","Fluid Controls","http://www.nasdaq.com/symbol/xyl",
"ZIGO","Zygo Corporation","15.54","287694832.74","n/a","n/a","Capital Goods","Electronic Components","http://www.nasdaq.com/symbol/zigo",
